Name,Department,Age,Salary,Experience_Years
John Doe,Sales,28,50000,5
Jane Smith,Engineering,34,75000,10
Alice Johnson,Marketing,24,,2
Bob Brown,Engineering,45,95000,20
Charlie Davis,Sales,30,60000,6
Emily White,HR,39,70000,12
David Black,Marketing,40,80000,15
Megan Green,HR,29,65000,7
Jack Lee,Sales,32,,6
Olivia Harris,Engineering,27,65000,4
Liam Clark,Marketing,36,72000,9
Sophia Turner,HR,31,68000,8
James Lewis,Sales,33,54000,5
Isabella Scott,Engineering,41,88000,18
Lucas Hall,Marketing,26,47000,3
Mia Allen,HR,38,,13
Ethan Young,Sales,29,53000,4
Amelia King,Engineering,33,80000,11
Henry Martinez,Marketing,42,85000,17
Charlotte Carter,HR,37,69000,10
Sebastian Nelson,Sales,31,56000,5
Avery Thomas,Engineering,30,70000,7
Harper Walker,Marketing,28,50000,6
Ella Robinson,HR,35,73000,14
Oliver Perez,Sales,32,55000,5
Scarlett Carter,Engineering,29,72000,6
Benjamin Mitchell,Marketing,39,,15
Zoe Evans,HR,40,76000,16
Alexander White,Sales,27,52000,3
Chloe King,Engineering,34,77000,12
William Scott,Marketing,26,,2
Gabriel Turner,HR,33,69000,9
Daniel Lee,Sales,31,54000,5
Ava Harris,Engineering,32,67000,8
Ella Mitchell,Marketing,29,49000,4
Mason Young,HR,38,,14
Madison Scott,Sales,28,53000,6
Jacob Clark,Engineering,34,75000,10
Amelia Lewis,HR,39,71000,11
Lucas Allen,Sales,30,55000,7
Mia Harris,Engineering,32,,5
Oliver Brown,HR,37,72000,13
Liam Robinson,Marketing,36,67000,8
Grace Turner,Sales,29,59000,6
Chloe Brown,Engineering,33,74000,9
Aiden Green,HR,31,68000,12
Isabella Martinez,Sales,35,62000,7
Ethan Lee,Engineering,40,,18
Charlotte Johnson,HR,32,65000,6
Matthew White,Sales,29,50000,4
Sophia Hall,Engineering,30,72000,8
Zachary Clark,HR,31,65000,6
Ella King,Marketing,34,70000,10
Liam Green,Sales,28,,5
Emily Harris,HR,40,74000,15
Jack Mitchell,Engineering,39,78000,12
Benjamin Scott,Marketing,27,52000,3
David Harris,Sales,40,60000,15
Olivia Green,HR,31,67000,8
Charlotte Williams,Engineering,33,73000,9
Ethan Robinson,Sales,29,,5
Benjamin Turner,HR,32,75000,7
Chloe Mitchell,Engineering,35,80000,10
Mason Harris,Sales,36,56000,6
Emily Scott,HR,33,68000,9
Aidan Brown,Sales,31,59000,5
Sophia Johnson,HR,38,74000,12
Isaac Hall,Engineering,40,78000,15
Jack Green,Sales,33,63000,8
Mia Turner,HR,32,69000,7
Ethan Williams,Engineering,35,75000,9
Charlotte Scott,HR,29,70000,5
Isabella White,Sales,28,59000,6
Gabriel Johnson,HR,39,71000,12
Grace Robinson,Engineering,30,73000,7
Zoe Green,HR,28,68000,6
Oliver Harris,Sales,29,54000,5
Megan Williams,Engineering,32,77000,8
Sophia Lee,HR,33,75000,9
Lucas White,Sales,31,51000,7
Liam Mitchell,HR,28,67000,6
Zachary Brown,Sales,30,59000,5
Chloe Harris,HR,40,73000,14
Isabella Brown,Sales,37,60000,10
Olivia Hall,HR,31,69000,8
Benjamin Green,Sales,29,62000,6
Liam Harris,HR,30,68000,8
Luca Scott,Sales,34,65000,7
Ethan Hall,HR,31,71000,12
Megan Clark,Sales,30,57000,4
Madison Brown,HR,39,74000,13
Jack Harris,Sales,32,59000,6
Charlotte Brown,Engineering,33,74000,9
Emily Turner,HR,32,69000,7
Benjamin Lee,Sales,31,62000,8
Sophia Robinson,HR,36,71000,10
David Scott,Sales,29,55000,5
Oliver Mitchell,HR,33,75000,11
Liam Robinson,Sales,28,57000,4
Nathan Gray,Sales,27,58000,4
