Name,Department,Age,Salary,Experience_Years
Bob Brown,Engineering,45,99750.0,20
Isabella Scott,Engineering,41,92400.0,18
Henry Martinez,Marketing,42,89250.0,17
David Black,Marketing,40,84000.0,15
Chloe Mitchell,Engineering,35,84000.0,10
Amelia King,Engineering,33,84000.0,11
Isaac Hall,Engineering,40,81900.0,15
Jack Mitchell,Engineering,39,81900.0,12
Megan Williams,Engineering,32,80850.0,8
Chloe King,Engineering,34,80850.0,12
Zoe Evans,HR,40,79800.0,16
Jacob Clark,Engineering,34,78750.0,10
Jane Smith,Engineering,34,78750.0,10
Sophia Lee,HR,33,78750.0,9
Oliver Mitchell,HR,33,78750.0,11
Benjamin Turner,HR,32,78750.0,7
Ethan Williams,Engineering,35,78750.0,9
Emily Harris,HR,40,77700.0,15
Sophia Johnson,HR,38,77700.0,12
Chloe Brown,Engineering,33,77700.0,9
Charlotte Brown,Engineering,33,77700.0,9
Madison Brown,HR,39,77700.0,13
Charlotte Williams,Engineering,33,76650.0,9
Chloe Harris,HR,40,76650.0,14
Ella Robinson,HR,35,76650.0,14
Grace Robinson,Engineering,30,76650.0,7
Oliver Brown,HR,37,75600.0,13
Sophia Hall,Engineering,30,75600.0,8
Scarlett Carter,Engineering,29,75600.0,6
Liam Clark,Marketing,36,75600.0,9
Sophia Robinson,HR,36,74550.0,10
Gabriel Johnson,HR,39,74550.0,12
Amelia Lewis,HR,39,74550.0,11
Ethan Hall,HR,31,74550.0,12
Ella King,Marketing,34,73500.0,10
Charlotte Scott,HR,29,73500.0,5
Emily White,HR,39,73500.0,12
Avery Thomas,Engineering,30,73500.0,7
Gabriel Turner,HR,33,72450.0,9
Charlotte Carter,HR,37,72450.0,10
Mia Turner,HR,32,72450.0,7
Emily Turner,HR,32,72450.0,7
Olivia Hall,HR,31,72450.0,8
Zoe Green,HR,28,71400.0,6
Liam Harris,HR,30,71400.0,8
Sophia Turner,HR,31,71400.0,8
Aiden Green,HR,31,71400.0,12
Emily Scott,HR,33,71400.0,9
Liam Robinson,Marketing,36,70350.0,8
Olivia Green,HR,31,70350.0,8
Liam Mitchell,HR,28,70350.0,6
Ava Harris,Engineering,32,70350.0,8
Jack Lee,Sales,32,69743.33333333333,6
Alice Johnson,Marketing,24,69743.33333333333,2
Ethan Robinson,Sales,29,69743.33333333333,5
Benjamin Mitchell,Marketing,39,69743.33333333333,15
Liam Green,Sales,28,69743.33333333333,5
Mia Harris,Engineering,32,69743.33333333333,5
Mia Allen,HR,38,69743.33333333333,13
William Scott,Marketing,26,69743.33333333333,2
Ethan Lee,Engineering,40,69743.33333333333,18
Mason Young,HR,38,69743.33333333333,14
Zachary Clark,HR,31,68250.0,6
Charlotte Johnson,HR,32,68250.0,6
Olivia Harris,Engineering,27,68250.0,4
Luca Scott,Sales,34,68250.0,7
Megan Green,HR,29,68250.0,7
Jack Green,Sales,33,66150.0,8
Benjamin Green,Sales,29,65100.0,6
Isabella Martinez,Sales,35,65100.0,7
Benjamin Lee,Sales,31,65100.0,8
Isabella Brown,Sales,37,63000.0,10
Charlie Davis,Sales,30,63000.0,6
David Harris,Sales,40,63000.0,15
Grace Turner,Sales,29,61950.0,6
Jack Harris,Sales,32,61950.0,6
Isabella White,Sales,28,61950.0,6
Aidan Brown,Sales,31,61950.0,5
Zachary Brown,Sales,30,61950.0,5
Nathan Gray,Sales,27,60900.0,4
Liam Robinson,Sales,28,59850.0,4
Megan Clark,Sales,30,59850.0,4
Mason Harris,Sales,36,58800.0,6
Sebastian Nelson,Sales,31,58800.0,5
Lucas Allen,Sales,30,57750.0,7
Oliver Perez,Sales,32,57750.0,5
David Scott,Sales,29,57750.0,5
James Lewis,Sales,33,56700.0,5
Daniel Lee,Sales,31,56700.0,5
Oliver Harris,Sales,29,56700.0,5
Ethan Young,Sales,29,55650.0,4
Madison Scott,Sales,28,55650.0,6
Alexander White,Sales,27,54600.0,3
Benjamin Scott,Marketing,27,54600.0,3
Lucas White,Sales,31,53550.0,7
Harper Walker,Marketing,28,52500.0,6
Matthew White,Sales,29,52500.0,4
John Doe,Sales,28,52500.0,5
Ella Mitchell,Marketing,29,51450.0,4
Lucas Hall,Marketing,26,49350.0,3
